base_method,codec,reference_gap,keep_fraction,side_bits,task_count,selector_policy,selected_candidate,zlib_level,mean_keep_gaussians,mean_raw_deterministic_payload_bytes,mean_compressed_deterministic_payload_bytes,mean_raw_deterministic_mib_per_intermediate_frame,mean_compressed_deterministic_mib_per_intermediate_frame,mean_compressed_savings_bytes_vs_raw,mean_compressed_ratio_vs_raw,mean_stage96_entropy_reference_bytes,mean_stage96_entropy_reference_mib_per_intermediate_frame,mean_compressed_minus_stage96_entropy_reference_bytes,mean_compressed_ratio_vs_stage96_entropy_reference,compressed_below_stage96_entropy_reference_count,max_decoded_max_abs_diff_vs_raw_deterministic,comparison_note
linear,q12,4,0.025,2,3,strict_safe_endpoint_selector_v1,endpoint_diff_baseline,9,922.0,3067.0,1767.0,0.0029249191284179688,0.0016851425170898438,1300.0,0.576133029018585,29869.833333333332,0.028486092885335285,-28102.833333333332,0.05915667423654858,3,0.0,cross_setting_rate_only_quality_unknown
linear,q12,4,0.025,3,3,strict_safe_endpoint_selector_v1,endpoint_diff_baseline,9,922.0,4565.0,3196.0,0.004353523254394531,0.003047943115234375,1369.0,0.7001095290251916,29869.833333333332,0.028486092885335285,-26673.833333333332,0.10699758396152194,3,0.0,cross_setting_rate_only_quality_unknown
linear,q12,4,0.025,4,3,strict_safe_endpoint_selector_v1,endpoint_diff_baseline,9,922.0,6063.0,3833.0,0.005782127380371094,0.0036554336547851562,2230.0,0.632195282863269,29869.833333333332,0.028486092885335285,-26036.833333333332,0.1283234478487214,3,0.0,cross_setting_rate_only_quality_unknown
linear,q12,4,0.025,5,3,strict_safe_endpoint_selector_v1,endpoint_diff_baseline,9,922.0,7562.0,5871.666666666667,0.0072116851806640625,0.005599657694498698,1690.3333333333333,0.776470069646478,29869.833333333332,0.028486092885335285,-23998.166666666668,0.19657513991262088,3,0.0,cross_setting_rate_only_quality_unknown
linear,q12,4,0.025,6,3,strict_safe_endpoint_selector_v1,endpoint_diff_baseline,9,922.0,9060.0,6959.0,0.008640289306640625,0.006636619567871094,2101.0,0.7681015452538631,29869.833333333332,0.028486092885335285,-22910.833333333332,0.23297753028417745,3,0.0,cross_setting_rate_only_quality_unknown
linear,q12,4,0.025,8,3,strict_safe_endpoint_selector_v1,endpoint_diff_baseline,9,922.0,12056.0,8576.666666666666,0.01149749755859375,0.008179346720377604,3479.3333333333335,0.7114023446140235,29869.833333333332,0.028486092885335285,-21293.166666666668,0.2871347345984521,3,0.0,cross_setting_rate_only_quality_unknown
linear,q12,4,0.05,2,3,strict_safe_endpoint_selector_v1,endpoint_diff_baseline,9,1843.0,6060.0,3173.6666666666665,0.005779266357421875,0.0030266443888346353,2886.3333333333335,0.5237073707370737,29869.833333333332,0.028486092885335285,-26696.166666666668,0.10624989537939615,3,0.0,cross_setting_rate_only_quality_unknown
linear,q12,4,0.05,3,3,strict_safe_endpoint_selector_v1,endpoint_diff_baseline,9,1843.0,9055.0,5750.666666666667,0.008635520935058594,0.005484263102213542,3304.3333333333335,0.635081906865452,29869.833333333332,0.028486092885335285,-24119.166666666668,0.19252423013184986,3,0.0,cross_setting_rate_only_quality_unknown
linear,q12,4,0.05,4,3,strict_safe_endpoint_selector_v1,endpoint_diff_baseline,9,1843.0,12050.0,7015.333333333333,0.011491775512695312,0.0066903432210286455,5034.666666666667,0.5821853388658368,29869.833333333332,0.028486092885335285,-22854.5,0.23486349103610668,3,0.0,cross_setting_rate_only_quality_unknown
linear,q12,4,0.05,5,3,strict_safe_endpoint_selector_v1,endpoint_diff_baseline,9,1843.0,15045.0,11117.333333333334,0.014348030090332031,0.010602315266927084,3927.6666666666665,0.738938739337543,29869.833333333332,0.028486092885335285,-18752.5,0.3721926804635669,3,0.0,cross_setting_rate_only_quality_unknown
linear,q12,4,0.05,6,3,strict_safe_endpoint_selector_v1,endpoint_diff_baseline,9,1843.0,18040.0,13303.666666666666,0.01720428466796875,0.012687365214029947,4736.333333333333,0.7374538063562452,29869.833333333332,0.028486092885335285,-16566.166666666668,0.44538804479435773,3,0.0,cross_setting_rate_only_quality_unknown
linear,q12,4,0.05,8,3,strict_safe_endpoint_selector_v1,endpoint_diff_baseline,9,1843.0,24029.0,16579.666666666668,0.02291584014892578,0.015811602274576824,7449.333333333333,0.6899857117094622,29869.833333333332,0.028486092885335285,-13290.166666666666,0.5550639162142407,3,0.0,cross_setting_rate_only_quality_unknown
linear,q12,4,0.1,2,3,strict_safe_endpoint_selector_v1,endpoint_diff_baseline,9,3686.0,12050.0,5816.666666666667,0.011491775512695312,0.0055472056070963545,6233.333333333333,0.4827109266943292,29869.833333333332,0.028486092885335285,-24053.166666666668,0.1947338172849977,3,0.0,cross_setting_rate_only_quality_unknown
linear,q12,4,0.1,3,3,strict_safe_endpoint_selector_v1,endpoint_diff_baseline,9,3686.0,18040.0,10576.666666666666,0.01720428466796875,0.010086695353190104,7463.333333333333,0.586289726533629,29869.833333333332,0.028486092885335285,-19293.166666666668,0.35409192105747717,3,0.0,cross_setting_rate_only_quality_unknown
linear,q12,4,0.1,4,3,strict_safe_endpoint_selector_v1,endpoint_diff_baseline,9,3686.0,24029.0,12980.666666666666,0.02291584014892578,0.012379328409830729,11048.333333333334,0.540208359343571,29869.833333333332,0.028486092885335285,-16889.166666666668,0.4345744591812252,3,0.0,cross_setting_rate_only_quality_unknown
linear,q12,4,0.1,5,3,strict_safe_endpoint_selector_v1,endpoint_diff_baseline,9,3686.0,30019.0,21282.333333333332,0.02862834930419922,0.020296414693196613,8736.666666666666,0.7089621017799838,29869.833333333332,0.028486092885335285,-8587.499999999998,0.7125025806415616,3,0.0,cross_setting_rate_only_quality_unknown
linear,q12,4,0.1,6,3,strict_safe_endpoint_selector_v1,endpoint_diff_baseline,9,3686.0,36009.0,25652.333333333332,0.034340858459472656,0.024463971455891926,10356.666666666666,0.712386718135281,29869.833333333332,0.028486092885335285,-4217.499999999999,0.8588040330545311,3,0.0,stage115_q6_top10_setting
linear,q12,4,0.1,8,3,strict_safe_endpoint_selector_v1,endpoint_diff_baseline,9,3686.0,47988.0,32082.666666666668,0.045764923095703125,0.030596415201822918,15905.333333333334,0.6685560278958628,29869.833333333332,0.028486092885335285,2212.8333333333344,1.0740825470513728,1,0.0,cross_setting_rate_only_quality_unknown
linear,q12,4,0.15,2,3,strict_safe_endpoint_selector_v1,endpoint_diff_baseline,9,5530.0,18043.0,8349.666666666666,0.01720714569091797,0.007962862650553385,9693.333333333334,0.4627648764987345,29869.833333333332,0.028486092885335285,-21520.166666666668,0.27953509393535286,3,0.0,cross_setting_rate_only_quality_unknown
linear,q12,4,0.15,3,3,strict_safe_endpoint_selector_v1,endpoint_diff_baseline,9,5530.0,27029.0,15273.333333333334,0.02577686309814453,0.014565785725911459,11755.666666666666,0.5650720830712691,29869.833333333332,0.028486092885335285,-14596.5,0.5113297139254209,3,0.0,cross_setting_rate_only_quality_unknown
linear,q12,4,0.15,4,3,strict_safe_endpoint_selector_v1,endpoint_diff_baseline,9,5530.0,36015.0,18811.333333333332,0.034346580505371094,0.01793988545735677,17203.666666666668,0.522319403952057,29869.833333333332,0.028486092885335285,-11058.5,0.6297769767714361,3,0.0,cross_setting_rate_only_quality_unknown
linear,q12,4,0.15,5,3,strict_safe_endpoint_selector_v1,endpoint_diff_baseline,9,5530.0,45002.0,31343.333333333332,0.04291725158691406,0.029891331990559895,13658.666666666666,0.6964875635156956,29869.833333333332,0.028486092885335285,1473.5000000000011,1.0493307071236868,1,0.0,cross_setting_rate_only_quality_unknown
linear,q12,4,0.15,6,3,strict_safe_endpoint_selector_v1,endpoint_diff_baseline,9,5530.0,53988.0,37896.666666666664,0.051486968994140625,0.03614107767740885,16091.333333333334,0.7019461114815639,29869.833333333332,0.028486092885335285,8026.833333333335,1.2687270880877586,0,0.0,cross_setting_rate_only_quality_unknown
linear,q12,4,0.15,8,3,strict_safe_endpoint_selector_v1,endpoint_diff_baseline,9,5530.0,71960.0,47642.333333333336,0.06862640380859375,0.04543526967366537,24317.666666666668,0.6620668890124143,29869.833333333332,0.028486092885335285,17772.5,1.594998298171511,0,0.0,cross_setting_rate_only_quality_unknown
linear,q12,4,0.2,2,3,strict_safe_endpoint_selector_v1,endpoint_diff_baseline,9,7373.0,24033.0,10873.0,0.022919654846191406,0.010369300842285156,13160.0,0.4524195897307868,29869.833333333332,0.028486092885335285,-18996.833333333332,0.36401274418448937,3,0.0,cross_setting_rate_only_quality_unknown
linear,q12,4,0.2,3,3,strict_safe_endpoint_selector_v1,endpoint_diff_baseline,9,7373.0,36014.0,19960.333333333332,0.03434562683105469,0.01903565724690755,16053.666666666666,0.5542381666388997,29869.833333333332,0.028486092885335285,-9909.499999999998,0.6682438803921459,3,0.0,cross_setting_rate_only_quality_unknown
linear,q12,4,0.2,4,3,strict_safe_endpoint_selector_v1,endpoint_diff_baseline,9,7373.0,47995.0,24664.333333333332,0.04577159881591797,0.02352174123128255,23330.666666666668,0.5138938083828176,29869.833333333332,0.028486092885335285,-5205.499999999999,0.8257271829437727,2,0.0,cross_setting_rate_only_quality_unknown
linear,q12,4,0.2,5,3,strict_safe_endpoint_selector_v1,endpoint_diff_baseline,9,7373.0,59976.0,41107.666666666664,0.05719757080078125,0.03920332590738932,18868.333333333332,0.685401938553199,29869.833333333332,0.028486092885335285,11237.833333333334,1.3762268509477231,0,0.0,cross_setting_rate_only_quality_unknown
linear,q12,4,0.2,6,3,strict_safe_endpoint_selector_v1,endpoint_diff_baseline,9,7373.0,71957.0,49947.0,0.06862354278564453,0.04763317108154297,22010.0,0.6941228789415902,29869.833333333332,0.028486092885335285,20077.166666666668,1.6721552960344608,0,0.0,cross_setting_rate_only_quality_unknown
linear,q12,4,0.2,8,3,strict_safe_endpoint_selector_v1,endpoint_diff_baseline,9,7373.0,95919.0,63131.666666666664,0.0914754867553711,0.06020704905192057,32787.333333333336,0.6581768645072058,29869.833333333332,0.028486092885335285,33261.833333333336,2.1135593882345067,0,0.0,cross_setting_rate_only_quality_unknown
linear,q12,8,0.025,2,5,strict_safe_endpoint_selector_v1,endpoint_diff_baseline,9,922.0,3067.0,1919.4,0.0029249191284179688,0.0018304824829101563,1147.6,0.6258232800782524,30440.894736842107,0.02903069947895251,-28521.494736842105,0.06305333718318676,5,0.0,cross_setting_rate_only_quality_unknown
linear,q12,8,0.025,3,5,strict_safe_endpoint_selector_v1,endpoint_diff_baseline,9,922.0,4565.0,3375.6,0.004353523254394531,0.0032192230224609374,1189.4,0.7394523548740416,30440.894736842107,0.02903069947895251,-27065.29473684211,0.11089030165445721,5,0.0,cross_setting_rate_only_quality_unknown
linear,q12,8,0.025,4,5,strict_safe_endpoint_selector_v1,endpoint_diff_baseline,9,922.0,6063.0,4136.4,0.005782127380371094,0.003944778442382812,1926.6,0.6822365165759525,30440.894736842107,0.02903069947895251,-26304.494736842105,0.13588299673050622,5,0.0,cross_setting_rate_only_quality_unknown
linear,q12,8,0.025,5,5,strict_safe_endpoint_selector_v1,endpoint_diff_baseline,9,922.0,7562.0,6198.8,0.0072116851806640625,0.005911636352539063,1363.2,0.8197302300978577,30440.894736842107,0.02903069947895251,-24242.094736842108,0.20363396193140457,5,0.0,cross_setting_rate_only_quality_unknown
linear,q12,8,0.025,6,5,strict_safe_endpoint_selector_v1,endpoint_diff_baseline,9,922.0,9060.0,7263.6,0.008640289306640625,0.006927108764648438,1796.4,0.8017218543046358,30440.894736842107,0.02903069947895251,-23177.29473684211,0.2386132228632881,5,0.0,cross_setting_rate_only_quality_unknown
linear,q12,8,0.025,8,5,strict_safe_endpoint_selector_v1,endpoint_diff_baseline,9,922.0,12056.0,8822.0,0.01149749755859375,0.008413314819335938,3234.0,0.7317518248175182,30440.894736842107,0.02903069947895251,-21618.894736842107,0.2898075130926714,5,0.0,cross_setting_rate_only_quality_unknown
linear,q12,8,0.05,2,5,strict_safe_endpoint_selector_v1,endpoint_diff_baseline,9,1843.0,6060.0,3432.2,0.005779266357421875,0.003273200988769531,2627.8,0.5663696369636964,30440.894736842107,0.02903069947895251,-27008.694736842106,0.11274964253419481,5,0.0,cross_setting_rate_only_quality_unknown
linear,q12,8,0.05,3,5,strict_safe_endpoint_selector_v1,endpoint_diff_baseline,9,1843.0,9055.0,6227.4,0.008635520935058594,0.005938911437988281,2827.6,0.687730535615682,30440.894736842107,0.02903069947895251,-24213.494736842105,0.20457348753494692,5,0.0,cross_setting_rate_only_quality_unknown
linear,q12,8,0.05,4,5,strict_safe_endpoint_selector_v1,endpoint_diff_baseline,9,1843.0,12050.0,7709.8,0.011491775512695312,0.007352638244628906,4340.2,0.6398174273858921,30440.894736842107,0.02903069947895251,-22731.094736842108,0.2532711363003715,5,0.0,cross_setting_rate_only_quality_unknown
linear,q12,8,0.05,5,5,strict_safe_endpoint_selector_v1,endpoint_diff_baseline,9,1843.0,15045.0,11935.0,0.014348030090332031,0.011382102966308594,3110.0,0.7932868062479229,30440.894736842107,0.02903069947895251,-18505.894736842107,0.39207126147823995,5,0.0,cross_setting_rate_only_quality_unknown
linear,q12,8,0.05,6,5,strict_safe_endpoint_selector_v1,endpoint_diff_baseline,9,1843.0,18040.0,14035.6,0.01720428466796875,0.013385391235351563,4004.4,0.7780266075388027,30440.894736842107,0.02903069947895251,-16405.29473684211,0.46107711752023334,5,0.0,cross_setting_rate_only_quality_unknown
linear,q12,8,0.05,8,5,strict_safe_endpoint_selector_v1,endpoint_diff_baseline,9,1843.0,24029.0,17207.4,0.02291584014892578,0.016410255432128908,6821.6,0.7161097007782263,30440.894736842107,0.02903069947895251,-13233.494736842107,0.565272477985812,5,0.0,cross_setting_rate_only_quality_unknown
linear,q12,8,0.1,2,5,strict_safe_endpoint_selector_v1,endpoint_diff_baseline,9,3686.0,12050.0,6232.6,0.011491775512695312,0.005943870544433594,5817.4,0.5172282157676349,30440.894736842107,0.02903069947895251,-24208.29473684211,0.20474431037195462,5,0.0,cross_setting_rate_only_quality_unknown
linear,q12,8,0.1,3,5,strict_safe_endpoint_selector_v1,endpoint_diff_baseline,9,3686.0,18040.0,11591.8,0.01720428466796875,0.011054801940917968,6448.2,0.6425609756097561,30440.894736842107,0.02903069947895251,-18849.094736842108,0.38079695423573207,5,0.0,cross_setting_rate_only_quality_unknown
linear,q12,8,0.1,4,5,strict_safe_endpoint_selector_v1,endpoint_diff_baseline,9,3686.0,24029.0,14508.4,0.02291584014892578,0.013836288452148437,9520.6,0.6037870905988597,30440.894736842107,0.02903069947895251,-15932.494736842107,0.4766088554697022,5,0.0,cross_setting_rate_only_quality_unknown
linear,q12,8,0.1,5,5,strict_safe_endpoint_selector_v1,endpoint_diff_baseline,9,3686.0,30019.0,23084.4,0.02862834930419922,0.02201499938964844,6934.6,0.7689929711182917,30440.894736842107,0.02903069947895251,-7356.494736842107,0.7583351343500866,5,0.0,cross_setting_rate_only_quality_unknown
linear,q12,8,0.1,6,5,strict_safe_endpoint_selector_v1,endpoint_diff_baseline,9,3686.0,36009.0,27322.2,0.034340858459472656,0.026056480407714844,8686.8,0.7587603099225195,30440.894736842107,0.02903069947895251,-3118.694736842107,0.8975491764022427,5,0.0,stage115_q6_top10_setting
linear,q12,8,0.1,8,5,strict_safe_endpoint_selector_v1,endpoint_diff_baseline,9,3686.0,47988.0,33486.8,0.045764923095703125,0.031935501098632815,14501.2,0.6978161206968407,30440.894736842107,0.02903069947895251,3045.9052631578934,1.1000596496748662,0,0.0,cross_setting_rate_only_quality_unknown
linear,q12,8,0.15,2,5,strict_safe_endpoint_selector_v1,endpoint_diff_baseline,9,5530.0,18043.0,9038.4,0.01720714569091797,0.00861968994140625,9004.6,0.5009366513329269,30440.894736842107,0.02903069947895251,-21402.494736842105,0.29691637115583774,5,0.0,cross_setting_rate_only_quality_unknown
linear,q12,8,0.15,3,5,strict_safe_endpoint_selector_v1,endpoint_diff_baseline,9,5530.0,27029.0,16791.4,0.02577686309814453,0.016013526916503908,10237.6,0.6212364497391689,30440.894736842107,0.02903069947895251,-13649.494736842107,0.5516066510251963,5,0.0,cross_setting_rate_only_quality_unknown
linear,q12,8,0.15,4,5,strict_safe_endpoint_selector_v1,endpoint_diff_baseline,9,5530.0,36015.0,20854.0,0.034346580505371094,0.019887924194335938,15161.0,0.5790365125642094,30440.894736842107,0.02903069947895251,-9586.894736842107,0.6850652774920164,5,0.0,cross_setting_rate_only_quality_unknown
linear,q12,8,0.15,5,5,strict_safe_endpoint_selector_v1,endpoint_diff_baseline,9,5530.0,45002.0,33632.2,0.04291725158691406,0.03207416534423828,11369.8,0.7473490067108128,30440.894736842107,0.02903069947895251,3191.305263157893,1.1048361190019658,0,0.0,cross_setting_rate_only_quality_unknown
linear,q12,8,0.15,6,5,strict_safe_endpoint_selector_v1,endpoint_diff_baseline,9,5530.0,53988.0,40108.8,0.051486968994140625,0.038250732421875,13879.2,0.7429206490331184,30440.894736842107,0.02903069947895251,9667.905263157892,1.3175959624950506,0,0.0,cross_setting_rate_only_quality_unknown
linear,q12,8,0.15,8,5,strict_safe_endpoint_selector_v1,endpoint_diff_baseline,9,5530.0,71960.0,49399.0,0.06862640380859375,0.047110557556152344,22561.0,0.6864785992217899,30440.894736842107,0.02903069947895251,18958.105263157893,1.6227841010275301,0,0.0,cross_setting_rate_only_quality_unknown
linear,q12,8,0.2,2,5,strict_safe_endpoint_selector_v1,endpoint_diff_baseline,9,7373.0,24033.0,11638.4,0.022919654846191406,0.0110992431640625,12394.6,0.48426746556817707,30440.894736842107,0.02903069947895251,-18802.494736842105,0.3823277896596856,5,0.0,cross_setting_rate_only_quality_unknown
linear,q12,8,0.2,3,5,strict_safe_endpoint_selector_v1,endpoint_diff_baseline,9,7373.0,36014.0,21601.4,0.03434562683105469,0.02060070037841797,14412.6,0.5998056311434442,30440.894736842107,0.02903069947895251,-8839.494736842107,0.7096177752573148,5,0.0,cross_setting_rate_only_quality_unknown
linear,q12,8,0.2,4,5,strict_safe_endpoint_selector_v1,endpoint_diff_baseline,9,7373.0,47995.0,26916.2,0.04577159881591797,0.025669288635253907,21078.8,0.5608125846442338,30440.894736842107,0.02903069947895251,-3524.694736842107,0.8842118548974112,5,0.0,cross_setting_rate_only_quality_unknown
linear,q12,8,0.2,5,5,strict_safe_endpoint_selector_v1,endpoint_diff_baseline,9,7373.0,59976.0,43912.4,0.05719757080078125,0.041878128051757814,16063.6,0.7321661998132586,30440.894736842107,0.02903069947895251,13471.505263157893,1.4425462976570644,0,0.0,cross_setting_rate_only_quality_unknown
linear,q12,8,0.2,6,5,strict_safe_endpoint_selector_v1,endpoint_diff_baseline,9,7373.0,71957.0,52579.6,0.06862354278564453,0.05014381408691406,19377.4,0.73070861764665,30440.894736842107,0.02903069947895251,22138.70526315789,1.727268546294199,0,0.0,cross_setting_rate_only_quality_unknown
linear,q12,8,0.2,8,5,strict_safe_endpoint_selector_v1,endpoint_diff_baseline,9,7373.0,95919.0,64887.2,0.0914754867553711,0.06188125610351562,31031.8,0.6764791125845765,30440.894736842107,0.02903069947895251,34446.30526315789,2.1315799210549518,0,0.0,cross_setting_rate_only_quality_unknown
linear,q12,16,0.025,2,4,strict_safe_endpoint_selector_v1,endpoint_diff_baseline,9,922.0,3067.0,1798.75,0.0029249191284179688,0.0017154216766357422,1268.25,0.5864851646560156,30239.565217391304,0.028838696687117867,-28440.815217391304,0.059483328780319485,4,0.0,cross_setting_rate_only_quality_unknown
linear,q12,16,0.025,3,4,strict_safe_endpoint_selector_v1,endpoint_diff_baseline,9,922.0,4565.0,3274.0,0.004353523254394531,0.0031223297119140625,1291.0,0.717196056955093,30239.565217391304,0.028838696687117867,-26965.565217391304,0.10826875242627713,4,0.0,cross_setting_rate_only_quality_unknown
linear,q12,16,0.025,4,4,strict_safe_endpoint_selector_v1,endpoint_diff_baseline,9,922.0,6063.0,4041.25,0.005782127380371094,0.003854036331176758,2021.75,0.6665429655286161,30239.565217391304,0.028838696687117867,-26198.315217391304,0.13364114103319866,4,0.0,cross_setting_rate_only_quality_unknown
linear,q12,16,0.025,5,4,strict_safe_endpoint_selector_v1,endpoint_diff_baseline,9,922.0,7562.0,6110.75,0.0072116851806640625,0.005827665328979492,1451.25,0.8080864850568632,30239.565217391304,0.028838696687117867,-24128.815217391304,0.20207797156043766,4,0.0,cross_setting_rate_only_quality_unknown
linear,q12,16,0.025,6,4,strict_safe_endpoint_selector_v1,endpoint_diff_baseline,9,922.0,9060.0,7226.0,0.008640289306640625,0.0068912506103515625,1834.0,0.7975717439293598,30239.565217391304,0.028838696687117867,-23013.565217391304,0.238958462135699,4,0.0,cross_setting_rate_only_quality_unknown
linear,q12,16,0.025,8,4,strict_safe_endpoint_selector_v1,endpoint_diff_baseline,9,922.0,12056.0,8822.25,0.01149749755859375,0.008413553237915039,3233.75,0.7317725613802256,30239.565217391304,0.028838696687117867,-21417.315217391304,0.2917452660637518,4,0.0,cross_setting_rate_only_quality_unknown
linear,q12,16,0.05,2,4,strict_safe_endpoint_selector_v1,endpoint_diff_baseline,9,1843.0,6060.0,3186.5,0.005779266357421875,0.0030388832092285156,2873.5,0.5258250825082509,30239.565217391304,0.028838696687117867,-27053.065217391304,0.10537519230492733,4,0.0,cross_setting_rate_only_quality_unknown
linear,q12,16,0.05,3,4,strict_safe_endpoint_selector_v1,endpoint_diff_baseline,9,1843.0,9055.0,6053.0,0.008635520935058594,0.005772590637207031,3002.0,0.6684704583103258,30239.565217391304,0.028838696687117867,-24186.565217391304,0.20016822188034677,4,0.0,cross_setting_rate_only_quality_unknown
linear,q12,16,0.05,4,4,strict_safe_endpoint_selector_v1,endpoint_diff_baseline,9,1843.0,12050.0,7502.5,0.011491775512695312,0.007154941558837891,4547.5,0.6226141078838174,30239.565217391304,0.028838696687117867,-22737.065217391304,0.24810211211916436,4,0.0,cross_setting_rate_only_quality_unknown
linear,q12,16,0.05,5,4,strict_safe_endpoint_selector_v1,endpoint_diff_baseline,9,1843.0,15045.0,11763.75,0.014348030090332031,0.011218786239624023,3281.25,0.7819042871385843,30239.565217391304,0.028838696687117867,-18475.815217391304,0.38901849002889966,4,0.0,cross_setting_rate_only_quality_unknown
linear,q12,16,0.05,6,4,strict_safe_endpoint_selector_v1,endpoint_diff_baseline,9,1843.0,18040.0,13956.5,0.01720428466796875,0.013309955596923828,4083.5,0.7736419068736142,30239.565217391304,0.028838696687117867,-16283.065217391304,0.46153110666992564,4,0.0,cross_setting_rate_only_quality_unknown
linear,q12,16,0.05,8,4,strict_safe_endpoint_selector_v1,endpoint_diff_baseline,9,1843.0,24029.0,17065.5,0.02291584014892578,0.01627492904663086,6963.5,0.7102043364268176,30239.565217391304,0.028838696687117867,-13174.065217391304,0.5643434314388003,4,0.0,cross_setting_rate_only_quality_unknown
linear,q12,16,0.1,2,4,strict_safe_endpoint_selector_v1,endpoint_diff_baseline,9,3686.0,12050.0,5839.5,0.011491775512695312,0.005568981170654297,6210.5,0.4846058091286307,30239.565217391304,0.028838696687117867,-24400.065217391304,0.1931079351842533,4,0.0,cross_setting_rate_only_quality_unknown
linear,q12,16,0.1,3,4,strict_safe_endpoint_selector_v1,endpoint_diff_baseline,9,3686.0,18040.0,11217.0,0.01720428466796875,0.010697364807128906,6823.0,0.6217849223946785,30239.565217391304,0.028838696687117867,-19022.565217391304,0.3709378729277796,4,0.0,cross_setting_rate_only_quality_unknown
linear,q12,16,0.1,4,4,strict_safe_endpoint_selector_v1,endpoint_diff_baseline,9,3686.0,24029.0,13783.75,0.02291584014892578,0.013145208358764648,10245.25,0.5736297806816764,30239.565217391304,0.028838696687117867,-16455.815217391304,0.4558183922589179,4,0.0,cross_setting_rate_only_quality_unknown
linear,q12,16,0.1,5,4,strict_safe_endpoint_selector_v1,endpoint_diff_baseline,9,3686.0,30019.0,22541.25,0.02862834930419922,0.021497011184692383,7477.75,0.7508994303607716,30239.565217391304,0.028838696687117867,-7698.315217391304,0.7454224238328708,4,0.0,cross_setting_rate_only_quality_unknown
linear,q12,16,0.1,6,4,strict_safe_endpoint_selector_v1,endpoint_diff_baseline,9,3686.0,36009.0,26884.0,0.034340858459472656,0.025638580322265625,9125.0,0.746591129995279,30239.565217391304,0.028838696687117867,-3355.565217391304,0.8890339463127777,4,0.0,stage115_q6_top10_setting
linear,q12,16,0.1,8,4,strict_safe_endpoint_selector_v1,endpoint_diff_baseline,9,3686.0,47988.0,33017.75,0.045764923095703125,0.03148818016052246,14970.25,0.688041802117196,30239.565217391304,0.028838696687117867,2778.184782608696,1.0918725108193987,0,0.0,cross_setting_rate_only_quality_unknown
linear,q12,16,0.15,2,4,strict_safe_endpoint_selector_v1,endpoint_diff_baseline,9,5530.0,18043.0,8281.25,0.01720714569091797,0.007897615432739258,9761.75,0.4589730089231281,30239.565217391304,0.028838696687117867,-21958.315217391304,0.2738547971991776,4,0.0,cross_setting_rate_only_quality_unknown
linear,q12,16,0.15,3,4,strict_safe_endpoint_selector_v1,endpoint_diff_baseline,9,5530.0,27029.0,16040.25,0.02577686309814453,0.015297174453735352,10988.75,0.5934459284472233,30239.565217391304,0.028838696687117867,-14199.315217391304,0.5304391741312131,4,0.0,cross_setting_rate_only_quality_unknown
linear,q12,16,0.15,4,4,strict_safe_endpoint_selector_v1,endpoint_diff_baseline,9,5530.0,36015.0,19764.25,0.034346580505371094,0.018848657608032227,16250.75,0.548778286824934,30239.565217391304,0.028838696687117867,-10475.315217391304,0.6535890928958606,4,0.0,cross_setting_rate_only_quality_unknown
linear,q12,16,0.15,5,4,strict_safe_endpoint_selector_v1,endpoint_diff_baseline,9,5530.0,45002.0,32644.25,0.04291725158691406,0.031131982803344727,12357.75,0.7253955379760899,30239.565217391304,0.028838696687117867,2404.684782608696,1.0795211427585512,0,0.0,cross_setting_rate_only_quality_unknown
linear,q12,16,0.15,6,4,strict_safe_endpoint_selector_v1,endpoint_diff_baseline,9,5530.0,53988.0,39325.75,0.051486968994140625,0.037503957748413086,14662.25,0.7284164999629548,30239.565217391304,0.028838696687117867,9086.184782608696,1.3004733936248223,0,0.0,cross_setting_rate_only_quality_unknown
linear,q12,16,0.15,8,4,strict_safe_endpoint_selector_v1,endpoint_diff_baseline,9,5530.0,71960.0,48644.5,0.06862640380859375,0.04639101028442383,23315.5,0.6759936075597555,30239.565217391304,0.028838696687117867,18404.934782608696,1.608637546548576,0,0.0,cross_setting_rate_only_quality_unknown
linear,q12,16,0.2,2,4,strict_safe_endpoint_selector_v1,endpoint_diff_baseline,9,7373.0,24033.0,10686.0,0.022919654846191406,0.010190963745117188,13347.0,0.44463862189489456,30239.565217391304,0.028838696687117867,-19553.565217391304,0.35337809664850256,4,0.0,cross_setting_rate_only_quality_unknown
linear,q12,16,0.2,3,4,strict_safe_endpoint_selector_v1,endpoint_diff_baseline,9,7373.0,36014.0,20384.5,0.03434562683105469,0.019440174102783203,15629.5,0.5660159937801965,30239.565217391304,0.028838696687117867,-9855.065217391304,0.6741003004989145,4,0.0,cross_setting_rate_only_quality_unknown
linear,q12,16,0.2,4,4,strict_safe_endpoint_selector_v1,endpoint_diff_baseline,9,7373.0,47995.0,25359.25,0.04577159881591797,0.024184465408325195,22635.75,0.5283727471611626,30239.565217391304,0.028838696687117867,-4880.315217391304,0.8386115943695993,4,0.0,cross_setting_rate_only_quality_unknown
linear,q12,16,0.2,5,4,strict_safe_endpoint_selector_v1,endpoint_diff_baseline,9,7373.0,59976.0,42224.0,0.05719757080078125,0.0402679443359375,17752.0,0.7040149393090569,30239.565217391304,0.028838696687117867,11984.434782608696,1.3963163721585599,0,0.0,cross_setting_rate_only_quality_unknown
linear,q12,16,0.2,6,4,strict_safe_endpoint_selector_v1,endpoint_diff_baseline,9,7373.0,71957.0,51206.5,0.06862354278564453,0.04883432388305664,20750.5,0.7116263879817113,30239.565217391304,0.028838696687117867,20966.934782608696,1.6933609869016981,0,0.0,cross_setting_rate_only_quality_unknown
linear,q12,16,0.2,8,4,strict_safe_endpoint_selector_v1,endpoint_diff_baseline,9,7373.0,95919.0,63757.5,0.0914754867553711,0.060803890228271484,32161.5,0.6647014668626654,30239.565217391304,0.028838696687117867,33517.934782608696,2.1084132507081135,0,0.0,cross_setting_rate_only_quality_unknown
stage65_adapter,q12,4,0.025,2,3,strict_safe_endpoint_selector_v1,endpoint_diff_baseline,9,922.0,3067.0,2083.6666666666665,0.0029249191284179688,0.0019871393839518228,983.3333333333334,0.6793826757961091,34757.88888888889,0.033147705925835505,-32674.222222222223,0.0599480213924257,3,0.0,cross_setting_rate_only_quality_unknown
stage65_adapter,q12,4,0.025,3,3,strict_safe_endpoint_selector_v1,endpoint_diff_baseline,9,922.0,4565.0,3701.6666666666665,0.004353523254394531,0.0035301844278971353,863.3333333333334,0.8108798831690397,34757.88888888889,0.033147705925835505,-31056.222222222223,0.10649860463332066,3,0.0,cross_setting_rate_only_quality_unknown
stage65_adapter,q12,4,0.025,4,3,strict_safe_endpoint_selector_v1,endpoint_diff_baseline,9,922.0,6063.0,4512.666666666667,0.005782127380371094,0.0043036142985026045,1550.3333333333333,0.7442960030787839,34757.88888888889,0.033147705925835505,-30245.222222222223,0.12983143714776182,3,0.0,cross_setting_rate_only_quality_unknown
stage65_adapter,q12,4,0.025,5,3,strict_safe_endpoint_selector_v1,endpoint_diff_baseline,9,922.0,7562.0,6919.666666666667,0.0072116851806640625,0.006599108378092448,642.3333333333334,0.9150577448646743,34757.88888888889,0.033147705925835505,-27838.222222222223,0.19908190306916737,3,0.0,cross_setting_rate_only_quality_unknown
stage65_adapter,q12,4,0.025,6,3,strict_safe_endpoint_selector_v1,endpoint_diff_baseline,9,922.0,9060.0,8226.0,0.008640289306640625,0.007844924926757812,834.0,0.9079470198675496,34757.88888888889,0.033147705925835505,-26531.88888888889,0.23666569699604567,3,0.0,cross_setting_rate_only_quality_unknown
stage65_adapter,q12,4,0.025,8,3,strict_safe_endpoint_selector_v1,endpoint_diff_baseline,9,922.0,12056.0,10220.0,0.01149749755859375,0.009746551513671875,1836.0,0.8477106834771068,34757.88888888889,0.033147705925835505,-24537.88888888889,0.29403396830775425,3,0.0,cross_setting_rate_only_quality_unknown
stage65_adapter,q12,4,0.05,2,3,strict_safe_endpoint_selector_v1,endpoint_diff_baseline,9,1843.0,6060.0,3688.0,0.005779266357421875,0.00351715087890625,2372.0,0.6085808580858086,34757.88888888889,0.033147705925835505,-31069.88888888889,0.10610540852436377,3,0.0,cross_setting_rate_only_quality_unknown
stage65_adapter,q12,4,0.05,3,3,strict_safe_endpoint_selector_v1,endpoint_diff_baseline,9,1843.0,9055.0,6783.666666666667,0.008635520935058594,0.006469408671061198,2271.3333333333335,0.7491625253083013,34757.88888888889,0.033147705925835505,-27974.222222222223,0.19516912227759645,3,0.0,cross_setting_rate_only_quality_unknown
stage65_adapter,q12,4,0.05,4,3,strict_safe_endpoint_selector_v1,endpoint_diff_baseline,9,1843.0,12050.0,8298.666666666666,0.011491775512695312,0.007914225260416666,3751.3333333333335,0.688686030428769,34757.88888888889,0.033147705925835505,-26459.222222222223,0.23875634947781635,3,0.0,cross_setting_rate_only_quality_unknown
stage65_adapter,q12,4,0.05,5,3,strict_safe_endpoint_selector_v1,endpoint_diff_baseline,9,1843.0,15045.0,13315.0,0.014348030090332031,0.012698173522949219,1730.0,0.8850116317713527,34757.88888888889,0.033147705925835505,-21442.88888888889,0.383078501762989,3,0.0,cross_setting_rate_only_quality_unknown
stage65_adapter,q12,4,0.05,6,3,strict_safe_endpoint_selector_v1,endpoint_diff_baseline,9,1843.0,18040.0,15875.666666666666,0.01720428466796875,0.015140215555826822,2164.3333333333335,0.8800258684405025,34757.88888888889,0.033147705925835505,-18882.222222222223,0.4567500263729097,3,0.0,cross_setting_rate_only_quality_unknown
stage65_adapter,q12,4,0.05,8,3,strict_safe_endpoint_selector_v1,endpoint_diff_baseline,9,1843.0,24029.0,19803.666666666668,0.02291584014892578,0.018886248270670574,4225.333333333333,0.8241569214976349,34757.88888888889,0.033147705925835505,-14954.222222222224,0.5697603421765163,3,0.0,cross_setting_rate_only_quality_unknown
stage65_adapter,q12,4,0.1,2,3,strict_safe_endpoint_selector_v1,endpoint_diff_baseline,9,3686.0,12050.0,6443.333333333333,0.011491775512695312,0.0061448415120442705,5606.666666666667,0.534716459197787,34757.88888888889,0.033147705925835505,-28314.55555555556,0.1853775801496703,3,0.0,cross_setting_rate_only_quality_unknown
stage65_adapter,q12,4,0.1,3,3,strict_safe_endpoint_selector_v1,endpoint_diff_baseline,9,3686.0,18040.0,12347.666666666666,0.01720428466796875,0.011775652567545572,5692.333333333333,0.684460458240946,34757.88888888889,0.033147705925835505,-22410.222222222223,0.35524788936804114,3,0.0,cross_setting_rate_only_quality_unknown
stage65_adapter,q12,4,0.1,4,3,strict_safe_endpoint_selector_v1,endpoint_diff_baseline,9,3686.0,24029.0,15331.333333333334,0.02291584014892578,0.014621098836263021,8697.666666666666,0.638034597084079,34757.88888888889,0.033147705925835505,-19426.55555555556,0.44108931305762716,3,0.0,cross_setting_rate_only_quality_unknown
stage65_adapter,q12,4,0.1,5,3,strict_safe_endpoint_selector_v1,endpoint_diff_baseline,9,3686.0,30019.0,25781.333333333332,0.02862834930419922,0.024586995442708332,4237.666666666667,0.8588338496729849,34757.88888888889,0.033147705925835505,-8976.555555555557,0.7417404841746557,3,0.0,cross_setting_rate_only_quality_unknown
stage65_adapter,q12,4,0.1,6,3,strict_safe_endpoint_selector_v1,endpoint_diff_baseline,9,3686.0,36009.0,30934.666666666668,0.034340858459472656,0.029501597086588543,5074.333333333333,0.8590815259148177,34757.88888888889,0.033147705925835505,-3823.222222222224,0.8900041876983962,3,0.0,stage115_q6_top10_setting
stage65_adapter,q12,4,0.1,8,3,strict_safe_endpoint_selector_v1,endpoint_diff_baseline,9,3686.0,47988.0,38167.0,0.045764923095703125,0.036398887634277344,9821.0,0.7953446695007086,34757.88888888889,0.033147705925835505,3409.1111111111095,1.0980816505285769,0,0.0,cross_setting_rate_only_quality_unknown
stage65_adapter,q12,4,0.15,2,3,strict_safe_endpoint_selector_v1,endpoint_diff_baseline,9,5530.0,18043.0,9288.666666666666,0.01720714569091797,0.008858362833658854,8754.333333333334,0.5148072197897614,34757.88888888889,0.033147705925835505,-25469.222222222223,0.2672390920046928,3,0.0,cross_setting_rate_only_quality_unknown
stage65_adapter,q12,4,0.15,3,3,strict_safe_endpoint_selector_v1,endpoint_diff_baseline,9,5530.0,27029.0,18023.333333333332,0.02577686309814453,0.017188390096028645,9005.666666666666,0.6668146558634552,34757.88888888889,0.033147705925835505,-16734.55555555556,0.5185393563731335,3,0.0,cross_setting_rate_only_quality_unknown
stage65_adapter,q12,4,0.15,4,3,strict_safe_endpoint_selector_v1,endpoint_diff_baseline,9,5530.0,36015.0,22290.0,0.034346580505371094,0.021257400512695312,13725.0,0.6189087880049978,34757.88888888889,0.033147705925835505,-12467.88888888889,0.6412932635596715,3,0.0,cross_setting_rate_only_quality_unknown
stage65_adapter,q12,4,0.15,5,3,strict_safe_endpoint_selector_v1,endpoint_diff_baseline,9,5530.0,45002.0,38303.666666666664,0.04291725158691406,0.036529223124186196,6698.333333333333,0.8511547634919929,34757.88888888889,0.033147705925835505,3545.777777777776,1.1020136116181458,1,0.0,cross_setting_rate_only_quality_unknown
stage65_adapter,q12,4,0.15,6,3,strict_safe_endpoint_selector_v1,endpoint_diff_baseline,9,5530.0,53988.0,45971.666666666664,0.051486968994140625,0.04384199778238932,8016.333333333333,0.8515163863574622,34757.88888888889,0.033147705925835505,11213.777777777776,1.322625399189952,0,0.0,cross_setting_rate_only_quality_unknown
stage65_adapter,q12,4,0.15,8,3,strict_safe_endpoint_selector_v1,endpoint_diff_baseline,9,5530.0,71960.0,56612.333333333336,0.06862640380859375,0.05398972829182943,15347.666666666666,0.7867194737817306,34757.88888888889,0.033147705925835505,21854.44444444444,1.628762135534379,0,0.0,cross_setting_rate_only_quality_unknown
stage65_adapter,q12,4,0.2,2,3,strict_safe_endpoint_selector_v1,endpoint_diff_baseline,9,7373.0,24033.0,12126.666666666666,0.022919654846191406,0.011564890543619791,11906.333333333334,0.5045839748124107,34757.88888888889,0.033147705925835505,-22631.222222222223,0.3488896205817384,3,0.0,cross_setting_rate_only_quality_unknown
stage65_adapter,q12,4,0.2,3,3,strict_safe_endpoint_selector_v1,endpoint_diff_baseline,9,7373.0,36014.0,23659.0,0.03434562683105469,0.02256298065185547,12355.0,0.6569389681790415,34757.88888888889,0.033147705925835505,-11098.88888888889,0.6806800054983521,3,0.0,cross_setting_rate_only_quality_unknown
stage65_adapter,q12,4,0.2,4,3,strict_safe_endpoint_selector_v1,endpoint_diff_baseline,9,7373.0,47995.0,29344.0,0.04577159881591797,0.027984619140625,18651.0,0.6113970205229712,34757.88888888889,0.033147705925835505,-5413.8888888888905,0.8442399966754149,3,0.0,cross_setting_rate_only_quality_unknown
stage65_adapter,q12,4,0.2,5,3,strict_safe_endpoint_selector_v1,endpoint_diff_baseline,9,7373.0,59976.0,50626.0,0.05719757080078125,0.04828071594238281,9350.0,0.8441043083900226,34757.88888888889,0.033147705925835505,15868.11111111111,1.456532649662267,0,0.0,cross_setting_rate_only_quality_unknown
stage65_adapter,q12,4,0.2,6,3,strict_safe_endpoint_selector_v1,endpoint_diff_baseline,9,7373.0,71957.0,61009.333333333336,0.06862354278564453,0.05818303426106771,10947.666666666666,0.8478582116171233,34757.88888888889,0.033147705925835505,26251.44444444444,1.7552657909795057,0,0.0,cross_setting_rate_only_quality_unknown
stage65_adapter,q12,4,0.2,8,3,strict_safe_endpoint_selector_v1,endpoint_diff_baseline,9,7373.0,95919.0,75112.33333333333,0.0914754867553711,0.07163270314534505,20806.666666666668,0.783080863367355,34757.88888888889,0.033147705925835505,40354.444444444445,2.1610154049760086,0,0.0,cross_setting_rate_only_quality_unknown
stage65_adapter,q12,8,0.025,2,5,strict_safe_endpoint_selector_v1,endpoint_diff_baseline,9,922.0,3067.0,2191.8,0.0029249191284179688,0.002090263366699219,875.2,0.7146397130746658,35513.15789473684,0.033867986578690376,-33321.357894736844,0.06171796961837718,5,0.0,cross_setting_rate_only_quality_unknown
stage65_adapter,q12,8,0.025,3,5,strict_safe_endpoint_selector_v1,endpoint_diff_baseline,9,922.0,4565.0,3924.0,0.004353523254394531,0.003742218017578125,641.0,0.8595837897042715,35513.15789473684,0.033867986578690376,-31589.157894736843,0.1104942571322712,5,0.0,cross_setting_rate_only_quality_unknown
stage65_adapter,q12,8,0.025,4,5,strict_safe_endpoint_selector_v1,endpoint_diff_baseline,9,922.0,6063.0,4825.4,0.005782127380371094,0.004601860046386718,1237.6,0.795876628731651,35513.15789473684,0.033867986578690376,-30687.757894736842,0.13587639866617268,5,0.0,cross_setting_rate_only_quality_unknown
stage65_adapter,q12,8,0.025,5,5,strict_safe_endpoint_selector_v1,endpoint_diff_baseline,9,922.0,7562.0,7207.2,0.0072116851806640625,0.006873321533203125,354.8,0.9530811954509388,35513.15789473684,0.033867986578690376,-28305.957894736843,0.20294449796220823,5,0.0,cross_setting_rate_only_quality_unknown
stage65_adapter,q12,8,0.025,6,5,strict_safe_endpoint_selector_v1,endpoint_diff_baseline,9,922.0,9060.0,8493.0,0.008640289306640625,0.008099555969238281,567.0,0.9374172185430464,35513.15789473684,0.033867986578690376,-27020.157894736843,0.23915079659133012,5,0.0,cross_setting_rate_only_quality_unknown
stage65_adapter,q12,8,0.025,8,5,strict_safe_endpoint_selector_v1,endpoint_diff_baseline,9,922.0,12056.0,10451.2,0.01149749755859375,0.009967041015625,1604.8,0.8668878566688786,35513.15789473684,0.033867986578690376,-25061.95789473684,0.2942909225639126,5,0.0,cross_setting_rate_only_quality_unknown
stage65_adapter,q12,8,0.05,2,5,strict_safe_endpoint_selector_v1,endpoint_diff_baseline,9,1843.0,6060.0,3913.4,0.005779266357421875,0.003732109069824219,2146.6,0.6457755775577558,35513.15789473684,0.033867986578690376,-31599.757894736842,0.1101957762134124,5,0.0,cross_setting_rate_only_quality_unknown
stage65_adapter,q12,8,0.05,3,5,strict_safe_endpoint_selector_v1,endpoint_diff_baseline,9,1843.0,9055.0,7285.4,0.008635520935058594,0.006947898864746093,1769.6,0.8045720596355604,35513.15789473684,0.033867986578690376,-28227.757894736842,0.20514649870322343,5,0.0,cross_setting_rate_only_quality_unknown
stage65_adapter,q12,8,0.05,4,5,strict_safe_endpoint_selector_v1,endpoint_diff_baseline,9,1843.0,12050.0,9009.4,0.011491775512695312,0.008592033386230468,3040.6,0.747668049792531,35513.15789473684,0.033867986578690376,-26503.757894736842,0.25369188588366065,5,0.0,cross_setting_rate_only_quality_unknown
stage65_adapter,q12,8,0.05,5,5,strict_safe_endpoint_selector_v1,endpoint_diff_baseline,9,1843.0,15045.0,14021.4,0.014348030090332031,0.013371849060058593,1023.6,0.9319641076769691,35513.15789473684,0.033867986578690376,-21491.75789473684,0.39482267506483887,5,0.0,cross_setting_rate_only_quality_unknown
stage65_adapter,q12,8,0.05,6,5,strict_safe_endpoint_selector_v1,endpoint_diff_baseline,9,1843.0,18040.0,16548.4,0.01720428466796875,0.01578178405761719,1491.6,0.9173170731707317,35513.15789473684,0.033867986578690376,-18964.75789473684,0.4659793997776955,5,0.0,cross_setting_rate_only_quality_unknown
stage65_adapter,q12,8,0.05,8,5,strict_safe_endpoint_selector_v1,endpoint_diff_baseline,9,1843.0,24029.0,20327.2,0.02291584014892578,0.019385528564453126,3701.8,0.8459444837488036,35513.15789473684,0.033867986578690376,-15185.957894736839,0.5723850314931457,5,0.0,cross_setting_rate_only_quality_unknown
stage65_adapter,q12,8,0.1,2,5,strict_safe_endpoint_selector_v1,endpoint_diff_baseline,9,3686.0,12050.0,7111.4,0.011491775512695312,0.006781959533691406,4938.6,0.5901576763485478,35513.15789473684,0.033867986578690376,-28401.757894736842,0.20024690626157837,5,0.0,cross_setting_rate_only_quality_unknown
stage65_adapter,q12,8,0.1,3,5,strict_safe_endpoint_selector_v1,endpoint_diff_baseline,9,3686.0,18040.0,13760.6,0.01720428466796875,0.013123130798339844,4279.4,0.7627827050997782,35513.15789473684,0.033867986578690376,-21752.55789473684,0.3874789181178214,5,0.0,cross_setting_rate_only_quality_unknown
stage65_adapter,q12,8,0.1,4,5,strict_safe_endpoint_selector_v1,endpoint_diff_baseline,9,3686.0,24029.0,17031.8,0.02291584014892578,0.016242790222167968,6997.2,0.7088018644138333,35513.15789473684,0.033867986578690376,-18481.35789473684,0.4795912560207484,5,0.0,cross_setting_rate_only_quality_unknown
stage65_adapter,q12,8,0.1,5,5,strict_safe_endpoint_selector_v1,endpoint_diff_baseline,9,3686.0,30019.0,27452.8,0.02862834930419922,0.0261810302734375,2566.2,0.9145141410440056,35513.15789473684,0.033867986578690376,-8060.35789473684,0.7730317895516859,5,0.0,cross_setting_rate_only_quality_unknown
stage65_adapter,q12,8,0.1,6,5,strict_safe_endpoint_selector_v1,endpoint_diff_baseline,9,3686.0,36009.0,32457.6,0.034340858459472656,0.0309539794921875,3551.4,0.9013746563359162,35513.15789473684,0.033867986578690376,-3055.55789473684,0.9139598369766582,5,0.0,stage115_q6_top10_setting
stage65_adapter,q12,8,0.1,8,5,strict_safe_endpoint_selector_v1,endpoint_diff_baseline,9,3686.0,47988.0,39336.2,0.045764923095703125,0.03751392364501953,8651.8,0.8197090939401518,35513.15789473684,0.033867986578690376,3823.04210526316,1.107651426454242,0,0.0,cross_setting_rate_only_quality_unknown
stage65_adapter,q12,8,0.15,2,5,strict_safe_endpoint_selector_v1,endpoint_diff_baseline,9,5530.0,18043.0,10338.6,0.01720714569091797,0.009859657287597657,7704.4,0.572997838496924,35513.15789473684,0.033867986578690376,-25174.55789473684,0.29112026676546876,5,0.0,cross_setting_rate_only_quality_unknown
stage65_adapter,q12,8,0.15,3,5,strict_safe_endpoint_selector_v1,endpoint_diff_baseline,9,5530.0,27029.0,20066.2,0.02577686309814453,0.019136619567871094,6962.8,0.742395205150024,35513.15789473684,0.033867986578690376,-15446.957894736839,0.5650356428306781,5,0.0,cross_setting_rate_only_quality_unknown
stage65_adapter,q12,8,0.15,4,5,strict_safe_endpoint_selector_v1,endpoint_diff_baseline,9,5530.0,36015.0,24702.0,0.034346580505371094,0.023557662963867188,11313.0,0.6858808829654311,35513.15789473684,0.033867986578690376,-10811.15789473684,0.6955731752500927,5,0.0,cross_setting_rate_only_quality_unknown
stage65_adapter,q12,8,0.15,5,5,strict_safe_endpoint_selector_v1,endpoint_diff_baseline,9,5530.0,45002.0,40520.6,0.04291725158691406,0.03864345550537109,4481.4,0.9004177592107018,35513.15789473684,0.033867986578690376,5007.442105263161,1.14100244535013,0,0.0,cross_setting_rate_only_quality_unknown
stage65_adapter,q12,8,0.15,6,5,strict_safe_endpoint_selector_v1,endpoint_diff_baseline,9,5530.0,53988.0,48075.2,0.051486968994140625,0.04584808349609375,5912.8,0.8904793657849892,35513.15789473684,0.033867986578690376,12562.042105263161,1.3537292330492776,0,0.0,cross_setting_rate_only_quality_unknown
stage65_adapter,q12,8,0.15,8,5,strict_safe_endpoint_selector_v1,endpoint_diff_baseline,9,5530.0,71960.0,58159.6,0.06862640380859375,0.055465316772460936,13800.4,0.8082212340188993,35513.15789473684,0.033867986578690376,22646.44210526316,1.6376915894775845,0,0.0,cross_setting_rate_only_quality_unknown
stage65_adapter,q12,8,0.2,2,5,strict_safe_endpoint_selector_v1,endpoint_diff_baseline,9,7373.0,24033.0,13338.8,0.022919654846191406,0.012720870971679687,10694.2,0.5550201805850289,35513.15789473684,0.033867986578690376,-22174.35789473684,0.3756016302334198,5,0.0,cross_setting_rate_only_quality_unknown
stage65_adapter,q12,8,0.2,3,5,strict_safe_endpoint_selector_v1,endpoint_diff_baseline,9,7373.0,36014.0,25951.8,0.03434562683105469,0.024749565124511718,10062.2,0.720603098794913,35513.15789473684,0.033867986578690376,-9561.35789473684,0.7307657650981845,5,0.0,cross_setting_rate_only_quality_unknown
stage65_adapter,q12,8,0.2,4,5,strict_safe_endpoint_selector_v1,endpoint_diff_baseline,9,7373.0,47995.0,31830.8,0.04577159881591797,0.030356216430664062,16164.2,0.6632107511199082,35513.15789473684,0.033867986578690376,-3682.3578947368396,0.8963100407558355,5,0.0,cross_setting_rate_only_quality_unknown
stage65_adapter,q12,8,0.2,5,5,strict_safe_endpoint_selector_v1,endpoint_diff_baseline,9,7373.0,59976.0,53123.2,0.05719757080078125,0.0506622314453125,6852.8,0.8857409630518873,35513.15789473684,0.033867986578690376,17610.04210526316,1.4958737310114858,0,0.0,cross_setting_rate_only_quality_unknown
stage65_adapter,q12,8,0.2,6,5,strict_safe_endpoint_selector_v1,endpoint_diff_baseline,9,7373.0,71957.0,63232.8,0.06862354278564453,0.06030349731445313,8724.2,0.878758147226816,35513.15789473684,0.033867986578690376,27719.642105263156,1.7805456835865137,0,0.0,cross_setting_rate_only_quality_unknown
stage65_adapter,q12,8,0.2,8,5,strict_safe_endpoint_selector_v1,endpoint_diff_baseline,9,7373.0,95919.0,76401.2,0.0914754867553711,0.07286186218261718,19517.8,0.7965178953074991,35513.15789473684,0.033867986578690376,40888.04210526316,2.1513490922563916,0,0.0,cross_setting_rate_only_quality_unknown
stage65_adapter,q12,16,0.025,2,4,strict_safe_endpoint_selector_v1,endpoint_diff_baseline,9,922.0,3067.0,2036.0,0.0029249191284179688,0.001941680908203125,1031.0,0.6638408868601239,35406.434782608696,0.03376620748768682,-33370.434782608696,0.057503671648975616,4,0.0,cross_setting_rate_only_quality_unknown
stage65_adapter,q12,16,0.025,3,4,strict_safe_endpoint_selector_v1,endpoint_diff_baseline,9,922.0,4565.0,3818.25,0.004353523254394531,0.003641366958618164,746.75,0.8364184008762323,35406.434782608696,0.03376620748768682,-31588.184782608696,0.10784056693207326,4,0.0,cross_setting_rate_only_quality_unknown
stage65_adapter,q12,16,0.025,4,4,strict_safe_endpoint_selector_v1,endpoint_diff_baseline,9,922.0,6063.0,4751.75,0.005782127380371094,0.0045316219329833984,1311.25,0.7837291769750948,35406.434782608696,0.03376620748768682,-30654.684782608696,0.13420583092240662,4,0.0,cross_setting_rate_only_quality_unknown
stage65_adapter,q12,16,0.025,5,4,strict_safe_endpoint_selector_v1,endpoint_diff_baseline,9,922.0,7562.0,7173.25,0.0072116851806640625,0.006840944290161133,388.75,0.9485916424226395,35406.434782608696,0.03376620748768682,-28233.184782608696,0.20259735395678505,4,0.0,cross_setting_rate_only_quality_unknown
stage65_adapter,q12,16,0.025,6,4,strict_safe_endpoint_selector_v1,endpoint_diff_baseline,9,922.0,9060.0,8445.75,0.008640289306640625,0.008054494857788086,614.25,0.9322019867549669,35406.434782608696,0.03376620748768682,-26960.684782608696,0.23853714873739482,4,0.0,cross_setting_rate_only_quality_unknown
stage65_adapter,q12,16,0.025,8,4,strict_safe_endpoint_selector_v1,endpoint_diff_baseline,9,922.0,12056.0,10450.0,0.01149749755859375,0.009965896606445312,1606.0,0.8667883211678833,35406.434782608696,0.03376620748768682,-24956.434782608696,0.29514409073270886,4,0.0,cross_setting_rate_only_quality_unknown
stage65_adapter,q12,16,0.05,2,4,strict_safe_endpoint_selector_v1,endpoint_diff_baseline,9,1843.0,6060.0,3653.25,0.005779266357421875,0.003484010696411133,2406.75,0.6028465346534654,35406.434782608696,0.03376620748768682,-31753.184782608696,0.1031803970783989,4,0.0,cross_setting_rate_only_quality_unknown
stage65_adapter,q12,16,0.05,3,4,strict_safe_endpoint_selector_v1,endpoint_diff_baseline,9,1843.0,9055.0,7119.25,0.008635520935058594,0.006789445877075195,1935.75,0.7862230811706239,35406.434782608696,0.03376620748768682,-28287.184782608696,0.2010722074592189,4,0.0,cross_setting_rate_only_quality_unknown
stage65_adapter,q12,16,0.05,4,4,strict_safe_endpoint_selector_v1,endpoint_diff_baseline,9,1843.0,12050.0,8857.5,0.011491775512695312,0.00844717025756836,3192.5,0.7350622406639004,35406.434782608696,0.03376620748768682,-26548.934782608696,0.25016639078133673,4,0.0,cross_setting_rate_only_quality_unknown
stage65_adapter,q12,16,0.05,5,4,strict_safe_endpoint_selector_v1,endpoint_diff_baseline,9,1843.0,15045.0,13948.75,0.014348030090332031,0.01330256462097168,1096.25,0.9271352608840147,35406.434782608696,0.03376620748768682,-21457.684782608696,0.39396087422084913,4,0.0,cross_setting_rate_only_quality_unknown
stage65_adapter,q12,16,0.05,6,4,strict_safe_endpoint_selector_v1,endpoint_diff_baseline,9,1843.0,18040.0,16524.5,0.01720428466796875,0.015758991241455078,1515.5,0.9159922394678491,35406.434782608696,0.03376620748768682,-18881.934782608696,0.4667089499820716,4,0.0,cross_setting_rate_only_quality_unknown
stage65_adapter,q12,16,0.05,8,4,strict_safe_endpoint_selector_v1,endpoint_diff_baseline,9,1843.0,24029.0,20252.25,0.02291584014892578,0.019314050674438477,3776.75,0.8428253360522703,35406.434782608696,0.03376620748768682,-15154.184782608696,0.5719934843580387,4,0.0,cross_setting_rate_only_quality_unknown
stage65_adapter,q12,16,0.1,2,4,strict_safe_endpoint_selector_v1,endpoint_diff_baseline,9,3686.0,12050.0,6600.75,0.011491775512695312,0.006294965744018555,5449.25,0.5477800829875519,35406.434782608696,0.03376620748768682,-28805.684782608696,0.18642797673721798,4,0.0,cross_setting_rate_only_quality_unknown
stage65_adapter,q12,16,0.1,3,4,strict_safe_endpoint_selector_v1,endpoint_diff_baseline,9,3686.0,18040.0,13229.0,0.01720428466796875,0.012616157531738281,4811.0,0.7333148558758315,35406.434782608696,0.03376620748768682,-22177.434782608696,0.3736326484500484,4,0.0,cross_setting_rate_only_quality_unknown
stage65_adapter,q12,16,0.1,4,4,strict_safe_endpoint_selector_v1,endpoint_diff_baseline,9,3686.0,24029.0,16259.5,0.02291584014892578,0.015506267547607422,7769.5,0.6766615339797745,35406.434782608696,0.03376620748768682,-19146.934782608696,0.45922443476253394,4,0.0,cross_setting_rate_only_quality_unknown
stage65_adapter,q12,16,0.1,5,4,strict_safe_endpoint_selector_v1,endpoint_diff_baseline,9,3686.0,30019.0,27083.25,0.02862834930419922,0.02582859992980957,2935.75,0.9022036043838901,35406.434782608696,0.03376620748768682,-8323.184782608696,0.7649245163001567,4,0.0,cross_setting_rate_only_quality_unknown
stage65_adapter,q12,16,0.1,6,4,strict_safe_endpoint_selector_v1,endpoint_diff_baseline,9,3686.0,36009.0,32162.5,0.034340858459472656,0.030672550201416016,3846.5,0.893179482907051,35406.434782608696,0.03376620748768682,-3243.934782608696,0.9083800782957654,4,0.0,stage115_q6_top10_setting
stage65_adapter,q12,16,0.1,8,4,strict_safe_endpoint_selector_v1,endpoint_diff_baseline,9,3686.0,47988.0,38898.0,0.045764923095703125,0.03709602355957031,9090.0,0.8105776444111028,35406.434782608696,0.03376620748768682,3491.565217391304,1.0986138604134843,0,0.0,cross_setting_rate_only_quality_unknown
stage65_adapter,q12,16,0.15,2,4,strict_safe_endpoint_selector_v1,endpoint_diff_baseline,9,5530.0,18043.0,9481.5,0.01720714569091797,0.00904226303100586,8561.5,0.5254946516654657,35406.434782608696,0.03376620748768682,-25924.934782608696,0.26779030586432334,4,0.0,cross_setting_rate_only_quality_unknown
stage65_adapter,q12,16,0.15,3,4,strict_safe_endpoint_selector_v1,endpoint_diff_baseline,9,5530.0,27029.0,19086.0,0.02577686309814453,0.018201828002929688,7943.0,0.7061304524769692,35406.434782608696,0.03376620748768682,-16320.434782608696,0.5390545565286584,4,0.0,cross_setting_rate_only_quality_unknown
stage65_adapter,q12,16,0.15,4,4,strict_safe_endpoint_selector_v1,endpoint_diff_baseline,9,5530.0,36015.0,23395.5,0.034346580505371094,0.022311687469482422,12619.5,0.6496043315285298,35406.434782608696,0.03376620748768682,-12010.934782608696,0.6607697200705349,4,0.0,cross_setting_rate_only_quality_unknown
stage65_adapter,q12,16,0.15,5,4,strict_safe_endpoint_selector_v1,endpoint_diff_baseline,9,5530.0,45002.0,39645.25,0.04291725158691406,0.03780865669250488,5356.75,0.880966401493267,35406.434782608696,0.03376620748768682,4238.815217391304,1.1197187811598972,0,0.0,cross_setting_rate_only_quality_unknown
stage65_adapter,q12,16,0.15,6,4,strict_safe_endpoint_selector_v1,endpoint_diff_baseline,9,5530.0,53988.0,47304.25,0.051486968994140625,0.04511284828186035,6683.75,0.876199340594206,35406.434782608696,0.03376620748768682,11897.815217391304,1.336035392731363,0,0.0,cross_setting_rate_only_quality_unknown
stage65_adapter,q12,16,0.15,8,4,strict_safe_endpoint_selector_v1,endpoint_diff_baseline,9,5530.0,71960.0,57199.0,0.06862640380859375,0.054549217224121094,14761.0,0.7948721511951085,35406.434782608696,0.03376620748768682,21792.565217391304,1.6154973058201163,0,0.0,cross_setting_rate_only_quality_unknown
stage65_adapter,q12,16,0.2,2,4,strict_safe_endpoint_selector_v1,endpoint_diff_baseline,9,7373.0,24033.0,12243.5,0.022919654846191406,0.011676311492919922,11789.5,0.5094453459826073,35406.434782608696,0.03376620748768682,-23162.934782608696,0.3457987248694661,4,0.0,cross_setting_rate_only_quality_unknown
stage65_adapter,q12,16,0.2,3,4,strict_safe_endpoint_selector_v1,endpoint_diff_baseline,9,7373.0,36014.0,24425.0,0.03434562683105469,0.023293495178222656,11589.0,0.6782084744821458,35406.434782608696,0.03376620748768682,-10981.434782608696,0.6898463556120971,4,0.0,cross_setting_rate_only_quality_unknown
stage65_adapter,q12,16,0.2,4,4,strict_safe_endpoint_selector_v1,endpoint_diff_baseline,9,7373.0,47995.0,30148.75,0.04577159881591797,0.02875208854675293,17846.25,0.6281643921241796,35406.434782608696,0.03376620748768682,-5257.684782608696,0.8515048234906945,4,0.0,cross_setting_rate_only_quality_unknown
stage65_adapter,q12,16,0.2,5,4,strict_safe_endpoint_selector_v1,endpoint_diff_baseline,9,7373.0,59976.0,51673.75,0.05719757080078125,0.04927992820739746,8302.25,0.8615737961851406,35406.434782608696,0.03376620748768682,16267.315217391304,1.4594451634927572,0,0.0,cross_setting_rate_only_quality_unknown
stage65_adapter,q12,16,0.2,6,4,strict_safe_endpoint_selector_v1,endpoint_diff_baseline,9,7373.0,71957.0,61902.75,0.06862354278564453,0.05903506278991699,10054.25,0.8602741915310533,35406.434782608696,0.03376620748768682,26496.315217391304,1.7483474509669084,0,0.0,cross_setting_rate_only_quality_unknown
stage65_adapter,q12,16,0.2,8,4,strict_safe_endpoint_selector_v1,endpoint_diff_baseline,9,7373.0,95919.0,75075.5,0.0914754867553711,0.07159757614135742,20843.5,0.7826968588079525,35406.434782608696,0.03376620748768682,39669.065217391304,2.1203914051486588,0,0.0,cross_setting_rate_only_quality_unknown
